customer_id,name,email,city,country,signup_date,signup_channel
C00001,Divya Sharma,divya.sharma1@example.com,Singapore,SG,2025-05-08,paid_search
C00002,Arjun Kumar,arjun.kumar2@example.com,Berlin,DE,2025-12-18,organic
C00003,Amelia Patel,amelia.patel3@example.com,Mumbai,IN,2025-02-07,paid_search
C00004,Priya Anderson,priya.anderson4@example.com,Hyderabad,IN,2025-12-21,email
C00005,Mason Mehta,mason.mehta5@example.com,San Francisco,US,2025-10-09,organic
C00006,Rohan Davis,rohan.davis6@example.com,Chennai,IN,2025-05-05,paid_search
C00007,Ava Kumar,ava.kumar7@example.com,Bengaluru,IN,2025-07-04,social
C00008,Ethan Lopez,ethan.lopez8@example.com,Pune,IN,2025-01-24,referral
C00009,Divya Miller,divya.miller9@example.com,Bengaluru,IN,2025-09-10,email
C00010,Sophia Martinez,sophia.martinez10@example.com,Hyderabad,IN,2025-12-03,organic
C00011,Nikhil Johnson,nikhil.johnson11@example.com,Bengaluru,IN,2025-04-28,organic
C00012,Lucas Smith,lucas.smith12@example.com,San Francisco,US,2025-11-27,social
C00013,Rohan Garcia,rohan.garcia13@example.com,Chennai,IN,2025-04-22,social
C00014,Vikram Lopez,vikram.lopez14@example.com,Berlin,DE,2025-03-18,paid_search
C00015,Rohan Chen,rohan.chen15@example.com,New York,US,2025-05-21,email
C00016,Nikhil Brown,nikhil.brown16@example.com,Sydney,AU,2025-01-08,organic
C00017,Noah Miller,noah.miller17@example.com,Pune,IN,2025-02-07,email
C00018,Noah Nair,noah.nair18@example.com,Berlin,DE,2025-08-13,referral
C00019,Meera Smith,meera.smith19@example.com,Delhi,IN,2025-04-24,email
C00020,James Martinez,james.martinez20@example.com,New York,US,2025-10-13,social
C00021,Nikhil Gupta,nikhil.gupta21@example.com,Austin,US,2025-08-03,organic
C00022,Divya Gupta,divya.gupta22@example.com,Berlin,DE,2025-03-26,referral
C00023,Vikram Miller,vikram.miller23@example.com,New York,US,2025-10-15,email
C00024,James Anderson,james.anderson24@example.com,Sydney,AU,2025-01-22,organic
C00025,Emma Brown,emma.brown25@example.com,Bengaluru,IN,2025-05-14,paid_search
C00026,Lucia Sharma,lucia.sharma26@example.com,Singapore,SG,2025-12-09,email
C00027,Isha Wilson,isha.wilson27@example.com,Dubai,AE,2025-02-28,social
C00028,Aditya Gupta,aditya.gupta28@example.com,Chennai,IN,2025-03-18,email
C00029,Aarav Lopez,aarav.lopez29@example.com,Chennai,IN,2025-08-01,organic
C00030,Sophia Johnson,sophia.johnson30@example.com,Hyderabad,IN,2025-01-08,email
C00031,Ananya Singh,ananya.singh31@example.com,Singapore,SG,2025-08-27,organic
C00032,Arjun Gupta,arjun.gupta32@example.com,Berlin,DE,2025-08-18,paid_search
C00033,James Wilson,james.wilson33@example.com,Sydney,AU,2025-10-14,paid_search
C00034,Aditya Johnson,aditya.johnson34@example.com,New York,US,2025-11-21,social
C00035,Diego Wilson,diego.wilson35@example.com,San Francisco,US,2025-02-08,paid_search
C00036,Vikram Brown,vikram.brown36@example.com,Mumbai,IN,2025-10-18,paid_search
C00037,Nikhil Sharma,nikhil.sharma37@example.com,Bengaluru,IN,2025-12-21,organic
C00038,Nikhil Singh,nikhil.singh38@example.com,Dubai,AE,2025-01-28,social
C00039,Vikram Wilson,vikram.wilson39@example.com,Hyderabad,IN,2025-05-22,referral
C00040,Pooja Anderson,pooja.anderson40@example.com,Delhi,IN,2025-12-19,email
C00041,Wei Mehta,wei.mehta41@example.com,Toronto,CA,2025-08-26,referral
C00042,Aditya Kumar,aditya.kumar42@example.com,Bengaluru,IN,2025-11-14,social
C00043,Amelia Davis,amelia.davis43@example.com,San Francisco,US,2025-12-02,organic
C00044,Sneha Miller,sneha.miller44@example.com,Singapore,SG,2025-06-26,organic
C00045,Riya Nair,riya.nair45@example.com,Hyderabad,IN,2025-09-15,paid_search
C00046,Amelia Reddy,amelia.reddy46@example.com,Pune,IN,2025-08-08,organic
C00047,Diego Anderson,diego.anderson47@example.com,Bengaluru,IN,2025-01-21,email
C00048,Aarav Singh,aarav.singh48@example.com,Dubai,AE,2025-04-06,referral
C00049,Yuki Tanaka,yuki.tanaka49@example.com,Hyderabad,IN,2025-07-02,paid_search
C00050,Lucas Sharma,lucas.sharma50@example.com,New York,US,2025-05-26,referral
C00051,Liam Davis,liam.davis51@example.com,Singapore,SG,2025-12-26,email
C00052,Yuki Gupta,yuki.gupta52@example.com,Hyderabad,IN,2025-05-07,organic
C00053,Sneha Brown,sneha.brown53@example.com,Mumbai,IN,2025-01-19,referral
C00054,Rohan Patel,rohan.patel54@example.com,Austin,US,2025-02-28,paid_search
C00055,Vikram Lopez,vikram.lopez55@example.com,Bengaluru,IN,2025-11-28,paid_search
C00056,Mia Kumar,mia.kumar56@example.com,Dubai,AE,2025-10-08,email
C00057,Rahul Lopez,rahul.lopez57@example.com,Bengaluru,IN,2025-07-22,email
C00058,Noah Smith,noah.smith58@example.com,Hyderabad,IN,2025-11-23,social
C00059,Riya Smith,riya.smith59@example.com,New York,US,2025-03-22,social
C00060,Lucia Brown,lucia.brown60@example.com,Dubai,AE,2025-02-01,referral
C00061,Karan Singh,karan.singh61@example.com,Austin,US,2025-04-17,social
C00062,Arjun Garcia,arjun.garcia62@example.com,Dubai,AE,2025-02-08,social
C00063,Liam Reddy,liam.reddy63@example.com,San Francisco,US,2025-09-23,social
C00064,Aarav Anderson,aarav.anderson64@example.com,Pune,IN,2025-11-04,paid_search
C00065,James Kumar,james.kumar65@example.com,Dubai,AE,2025-02-24,email
C00066,Meera Smith,meera.smith66@example.com,Pune,IN,2025-10-07,social
C00067,Pooja Smith,pooja.smith67@example.com,Austin,US,2025-08-09,organic
C00068,Ananya Davis,ananya.davis68@example.com,Sydney,AU,2025-05-02,organic
C00069,Ava Gupta,ava.gupta69@example.com,Berlin,DE,2025-05-06,referral
C00070,Amelia Anderson,amelia.anderson70@example.com,Mumbai,IN,2025-02-03,paid_search
C00071,Rahul Garcia,rahul.garcia71@example.com,London,GB,2025-09-05,referral
C00072,Arjun Patel,arjun.patel72@example.com,Pune,IN,2025-06-26,organic
C00073,Ethan Nair,ethan.nair73@example.com,Berlin,DE,2025-04-22,organic
C00074,Ethan Anderson,ethan.anderson74@example.com,Dubai,AE,2025-07-20,paid_search
C00075,Riya Reddy,riya.reddy75@example.com,Toronto,CA,2025-03-14,organic
C00076,Isha Brown,isha.brown76@example.com,Toronto,CA,2025-07-26,paid_search
C00077,Emma Reddy,emma.reddy77@example.com,Toronto,CA,2025-12-04,referral
C00078,Rahul Tanaka,rahul.tanaka78@example.com,Hyderabad,IN,2025-04-27,referral
C00079,Ethan Johnson,ethan.johnson79@example.com,Sydney,AU,2025-04-08,organic
C00080,Aditya Miller,aditya.miller80@example.com,Chennai,IN,2025-05-28,organic
C00081,Emma Garcia,emma.garcia81@example.com,Berlin,DE,2025-09-13,email
C00082,Ava Sharma,ava.sharma82@example.com,Bengaluru,IN,2025-05-06,email
C00083,James Patel,james.patel83@example.com,Bengaluru,IN,2025-10-14,social
C00084,Noah Davis,noah.davis84@example.com,London,GB,2025-09-04,referral
C00085,Aditya Smith,aditya.smith85@example.com,Mumbai,IN,2025-12-14,organic
C00086,Aditya Garcia,aditya.garcia86@example.com,New York,US,2025-02-22,social
C00087,Noah Kumar,noah.kumar87@example.com,Singapore,SG,2025-05-17,social
C00088,Mason Brown,mason.brown88@example.com,New York,US,2025-12-10,email
C00089,Arjun Nair,arjun.nair89@example.com,New York,US,2025-11-13,paid_search
C00090,Olivia Miller,olivia.miller90@example.com,Austin,US,2025-01-10,social
C00091,Pooja Davis,pooja.davis91@example.com,Toronto,CA,2025-10-20,social
C00092,Lucia Chen,lucia.chen92@example.com,San Francisco,US,2025-11-07,email
C00093,Wei Reddy,wei.reddy93@example.com,Berlin,DE,2025-02-10,email
C00094,Ava Singh,ava.singh94@example.com,Sydney,AU,2025-04-22,social
C00095,Nikhil Nair,nikhil.nair95@example.com,Delhi,IN,2025-01-02,paid_search
C00096,Wei Lopez,wei.lopez96@example.com,Sydney,AU,2025-02-15,referral
C00097,Aditya Miller,aditya.miller97@example.com,San Francisco,US,2025-07-08,paid_search
C00098,Aarav Kumar,aarav.kumar98@example.com,Toronto,CA,2025-07-08,paid_search
C00099,Lucia Patel,lucia.patel99@example.com,Austin,US,2025-04-28,organic
C00100,Lucia Gupta,lucia.gupta100@example.com,Toronto,CA,2025-08-22,email
C00101,Noah Chen,noah.chen101@example.com,London,GB,2025-12-17,referral
C00102,Diego Reddy,diego.reddy102@example.com,Singapore,SG,2025-08-15,social
C00103,Riya Smith,riya.smith103@example.com,Toronto,CA,2025-09-16,paid_search
C00104,Emma Chen,emma.chen104@example.com,Bengaluru,IN,2025-12-10,paid_search
C00105,Emma Brown,emma.brown105@example.com,Chennai,IN,2025-09-03,paid_search
C00106,Meera Mehta,meera.mehta106@example.com,New York,US,2025-12-05,paid_search
C00107,Vikram Davis,vikram.davis107@example.com,New York,US,2025-06-18,referral
C00108,Mason Patel,mason.patel108@example.com,Hyderabad,IN,2025-07-13,email
C00109,Priya Martinez,priya.martinez109@example.com,New York,US,2025-08-01,social
C00110,Olivia Miller,olivia.miller110@example.com,Sydney,AU,2025-07-18,email
C00111,Nikhil Tanaka,nikhil.tanaka111@example.com,Hyderabad,IN,2025-05-14,referral
C00112,Priya Miller,priya.miller112@example.com,Chennai,IN,2025-11-22,referral
C00113,Rohan Chen,rohan.chen113@example.com,Dubai,AE,2025-03-20,email
C00114,Priya Miller,priya.miller114@example.com,London,GB,2025-10-22,organic
C00115,Ananya Davis,ananya.davis115@example.com,Delhi,IN,2025-08-06,organic
C00116,James Miller,james.miller116@example.com,Chennai,IN,2025-04-15,social
C00117,Ava Miller,ava.miller117@example.com,Pune,IN,2025-07-09,organic
C00118,Wei Sharma,wei.sharma118@example.com,Singapore,SG,2025-09-02,social
C00119,Nikhil Singh,nikhil.singh119@example.com,Toronto,CA,2025-11-02,organic
C00120,Riya Nair,riya.nair120@example.com,Sydney,AU,2025-01-20,paid_search
C00121,Riya Gupta,riya.gupta121@example.com,San Francisco,US,2025-11-04,email
C00122,Pooja Chen,pooja.chen122@example.com,Singapore,SG,2025-05-25,social
C00123,Rohan Lopez,rohan.lopez123@example.com,London,GB,2025-12-23,organic
C00124,Rohan Johnson,rohan.johnson124@example.com,Bengaluru,IN,2025-10-01,social
C00125,Lucas Miller,lucas.miller125@example.com,Singapore,SG,2025-04-03,email
C00126,Riya Kumar,riya.kumar126@example.com,Singapore,SG,2025-05-28,email
C00127,Divya Martinez,divya.martinez127@example.com,Toronto,CA,2025-01-12,email
C00128,Amelia Garcia,amelia.garcia128@example.com,Bengaluru,IN,2025-09-21,social
C00129,Aarav Davis,aarav.davis129@example.com,Sydney,AU,2025-08-04,referral
C00130,Sophia Chen,sophia.chen130@example.com,Singapore,SG,2025-03-14,paid_search
C00131,Emma Lopez,emma.lopez131@example.com,Toronto,CA,2025-09-25,referral
C00132,Lucia Davis,lucia.davis132@example.com,Sydney,AU,2025-12-19,social
C00133,Noah Mehta,noah.mehta133@example.com,Sydney,AU,2025-02-09,referral
C00134,Riya Chen,riya.chen134@example.com,London,GB,2025-10-22,referral
C00135,Ava Sharma,ava.sharma135@example.com,San Francisco,US,2025-06-06,referral
C00136,Pooja Garcia,pooja.garcia136@example.com,Toronto,CA,2025-05-11,social
C00137,Emma Anderson,emma.anderson137@example.com,Mumbai,IN,2025-09-07,organic
C00138,Riya Davis,riya.davis138@example.com,San Francisco,US,2025-09-25,paid_search
C00139,Wei Tanaka,wei.tanaka139@example.com,San Francisco,US,2025-01-03,social
C00140,Nikhil Miller,nikhil.miller140@example.com,Singapore,SG,2025-04-10,email
C00141,Sophia Tanaka,sophia.tanaka141@example.com,Austin,US,2025-09-12,referral
C00142,Ava Garcia,ava.garcia142@example.com,Singapore,SG,2025-08-09,social
C00143,James Mehta,james.mehta143@example.com,Bengaluru,IN,2025-12-07,social
C00144,Divya Anderson,divya.anderson144@example.com,Toronto,CA,2025-12-06,paid_search
C00145,Pooja Tanaka,pooja.tanaka145@example.com,Pune,IN,2025-12-19,email
C00146,Liam Kumar,liam.kumar146@example.com,Sydney,AU,2025-04-10,paid_search
C00147,Sophia Reddy,sophia.reddy147@example.com,Pune,IN,2025-01-23,email
C00148,Arjun Smith,arjun.smith148@example.com,Mumbai,IN,2025-01-18,social
C00149,Arjun Tanaka,arjun.tanaka149@example.com,Bengaluru,IN,2025-01-19,social
C00150,Wei Tanaka,wei.tanaka150@example.com,San Francisco,US,2025-06-06,organic
C00151,James Tanaka,james.tanaka151@example.com,Bengaluru,IN,2025-02-13,referral
C00152,Vikram Martinez,vikram.martinez152@example.com,Berlin,DE,2025-11-02,paid_search
C00153,Meera Martinez,meera.martinez153@example.com,Pune,IN,2025-02-08,organic
C00154,Mason Lopez,mason.lopez154@example.com,London,GB,2025-10-08,email
C00155,Lucas Chen,lucas.chen155@example.com,Dubai,AE,2025-08-10,email
C00156,Amelia Johnson,amelia.johnson156@example.com,London,GB,2025-10-02,email
C00157,Karan Nair,karan.nair157@example.com,Berlin,DE,2025-04-09,organic
C00158,Rohan Mehta,rohan.mehta158@example.com,Delhi,IN,2025-09-03,paid_search
C00159,Aarav Davis,aarav.davis159@example.com,San Francisco,US,2025-12-20,referral
C00160,Liam Patel,liam.patel160@example.com,Hyderabad,IN,2025-05-23,social
C00161,Lucia Singh,lucia.singh161@example.com,Berlin,DE,2025-04-09,email
C00162,Aditya Davis,aditya.davis162@example.com,Bengaluru,IN,2025-09-08,paid_search
C00163,Emma Gupta,emma.gupta163@example.com,Bengaluru,IN,2025-01-06,social
C00164,Liam Chen,liam.chen164@example.com,Bengaluru,IN,2025-08-23,social
C00165,Mia Smith,mia.smith165@example.com,Austin,US,2025-09-16,referral
C00166,Ananya Lopez,ananya.lopez166@example.com,Mumbai,IN,2025-07-24,social
C00167,James Sharma,james.sharma167@example.com,Bengaluru,IN,2025-04-22,email
C00168,Priya Smith,priya.smith168@example.com,London,GB,2025-01-25,paid_search
C00169,Wei Wilson,wei.wilson169@example.com,Berlin,DE,2025-08-09,paid_search
C00170,Amelia Tanaka,amelia.tanaka170@example.com,Bengaluru,IN,2025-08-12,referral
C00171,Ava Brown,ava.brown171@example.com,Berlin,DE,2025-02-28,paid_search
C00172,Ava Davis,ava.davis172@example.com,Singapore,SG,2025-08-10,referral
C00173,Rahul Chen,rahul.chen173@example.com,Bengaluru,IN,2025-06-09,social
C00174,Divya Miller,divya.miller174@example.com,Sydney,AU,2025-09-27,organic
C00175,Lucia Davis,lucia.davis175@example.com,Mumbai,IN,2025-04-17,social
C00176,Yuki Chen,yuki.chen176@example.com,Toronto,CA,2025-01-07,social
C00177,Arjun Johnson,arjun.johnson177@example.com,San Francisco,US,2025-12-16,organic
C00178,Priya Lopez,priya.lopez178@example.com,Toronto,CA,2025-04-23,paid_search
C00179,Olivia Anderson,olivia.anderson179@example.com,Mumbai,IN,2025-09-14,organic
C00180,Nikhil Kumar,nikhil.kumar180@example.com,San Francisco,US,2025-02-21,paid_search
C00181,Yuki Johnson,yuki.johnson181@example.com,Austin,US,2025-12-09,referral
C00182,Wei Tanaka,wei.tanaka182@example.com,Hyderabad,IN,2025-08-18,paid_search
C00183,Lucas Nair,lucas.nair183@example.com,Dubai,AE,2025-10-17,paid_search
C00184,Vikram Smith,vikram.smith184@example.com,Toronto,CA,2025-07-11,email
C00185,Emma Sharma,emma.sharma185@example.com,Pune,IN,2025-12-10,email
C00186,Yuki Gupta,yuki.gupta186@example.com,San Francisco,US,2025-09-16,social
C00187,Ava Anderson,ava.anderson187@example.com,Toronto,CA,2025-09-13,referral
C00188,Noah Nair,noah.nair188@example.com,Singapore,SG,2025-04-19,referral
C00189,Nikhil Davis,nikhil.davis189@example.com,Mumbai,IN,2025-06-24,referral
C00190,Lucas Miller,lucas.miller190@example.com,Berlin,DE,2025-11-05,referral
C00191,Rahul Gupta,rahul.gupta191@example.com,Austin,US,2025-10-11,organic
C00192,Diego Kumar,diego.kumar192@example.com,Austin,US,2025-08-01,paid_search
C00193,Mason Gupta,mason.gupta193@example.com,Bengaluru,IN,2025-08-26,social
C00194,Ava Lopez,ava.lopez194@example.com,Singapore,SG,2025-07-21,organic
C00195,Ava Anderson,ava.anderson195@example.com,New York,US,2025-06-21,referral
C00196,Rahul Lopez,rahul.lopez196@example.com,Bengaluru,IN,2025-04-21,social
C00197,Nikhil Singh,nikhil.singh197@example.com,New York,US,2025-02-25,organic
C00198,Diego Reddy,diego.reddy198@example.com,Singapore,SG,2025-05-01,organic
C00199,Noah Patel,noah.patel199@example.com,Pune,IN,2025-06-12,referral
C00200,Meera Mehta,meera.mehta200@example.com,Austin,US,2025-07-19,paid_search
C00201,Rohan Reddy,rohan.reddy201@example.com,Bengaluru,IN,2025-10-28,referral
C00202,Riya Tanaka,riya.tanaka202@example.com,Dubai,AE,2025-10-05,paid_search
C00203,Lucia Smith,lucia.smith203@example.com,San Francisco,US,2025-05-22,organic
C00204,Lucia Johnson,lucia.johnson204@example.com,Berlin,DE,2025-09-06,organic
C00205,Diego Garcia,diego.garcia205@example.com,London,GB,2025-05-21,referral
C00206,James Chen,james.chen206@example.com,Sydney,AU,2025-05-07,referral
C00207,Wei Kumar,wei.kumar207@example.com,Hyderabad,IN,2025-07-19,social
C00208,Liam Johnson,liam.johnson208@example.com,Mumbai,IN,2025-11-13,social
C00209,Aarav Martinez,aarav.martinez209@example.com,Sydney,AU,2025-11-25,organic
C00210,Yuki Johnson,yuki.johnson210@example.com,Toronto,CA,2025-04-20,social
C00211,Nikhil Nair,nikhil.nair211@example.com,London,GB,2025-05-22,paid_search
C00212,Karan Patel,karan.patel212@example.com,Pune,IN,2025-08-02,email
C00213,Sophia Gupta,sophia.gupta213@example.com,Bengaluru,IN,2025-05-11,referral
C00214,Isha Nair,isha.nair214@example.com,Delhi,IN,2025-09-12,email
C00215,Emma Reddy,emma.reddy215@example.com,Pune,IN,2025-08-26,social
C00216,Ava Kumar,ava.kumar216@example.com,San Francisco,US,2025-02-05,paid_search
C00217,Mia Anderson,mia.anderson217@example.com,Chennai,IN,2025-02-26,referral
C00218,Aarav Smith,aarav.smith218@example.com,Austin,US,2025-02-15,social
C00219,James Martinez,james.martinez219@example.com,New York,US,2025-11-12,organic
C00220,Nikhil Tanaka,nikhil.tanaka220@example.com,Mumbai,IN,2025-10-18,social
C00221,Nikhil Singh,nikhil.singh221@example.com,Berlin,DE,2025-08-23,social
C00222,Mason Kumar,mason.kumar222@example.com,Delhi,IN,2025-01-02,social
C00223,Yuki Kumar,yuki.kumar223@example.com,Bengaluru,IN,2025-04-18,paid_search
C00224,Lucas Chen,lucas.chen224@example.com,Chennai,IN,2025-11-24,email
C00225,Mason Martinez,mason.martinez225@example.com,Singapore,SG,2025-12-05,referral
C00226,Karan Tanaka,karan.tanaka226@example.com,London,GB,2025-07-09,organic
C00227,Sophia Nair,sophia.nair227@example.com,San Francisco,US,2025-08-08,social
C00228,Karan Garcia,karan.garcia228@example.com,Austin,US,2025-11-12,organic
C00229,Mia Smith,mia.smith229@example.com,Hyderabad,IN,2025-02-28,referral
C00230,Ananya Nair,ananya.nair230@example.com,Berlin,DE,2025-11-20,organic
C00231,Sneha Brown,sneha.brown231@example.com,Hyderabad,IN,2025-03-26,email
C00232,Pooja Singh,pooja.singh232@example.com,Sydney,AU,2025-09-07,email
C00233,Pooja Mehta,pooja.mehta233@example.com,Chennai,IN,2025-03-26,email
C00234,Aarav Smith,aarav.smith234@example.com,Sydney,AU,2025-03-05,email
C00235,James Reddy,james.reddy235@example.com,Bengaluru,IN,2025-11-28,organic
C00236,Arjun Sharma,arjun.sharma236@example.com,Chennai,IN,2025-04-19,social
C00237,Priya Reddy,priya.reddy237@example.com,Pune,IN,2025-01-05,referral
C00238,Divya Singh,divya.singh238@example.com,San Francisco,US,2025-08-25,social
C00239,Karan Chen,karan.chen239@example.com,Austin,US,2025-04-20,organic
C00240,Olivia Chen,olivia.chen240@example.com,Berlin,DE,2025-01-02,referral
C00241,Mia Davis,mia.davis241@example.com,Berlin,DE,2025-02-16,referral
C00242,Vikram Singh,vikram.singh242@example.com,Chennai,IN,2025-10-05,organic
C00243,Arjun Smith,arjun.smith243@example.com,London,GB,2025-11-19,email
C00244,Noah Miller,noah.miller244@example.com,London,GB,2025-09-10,referral
C00245,Amelia Kumar,amelia.kumar245@example.com,Toronto,CA,2025-12-04,email
C00246,Pooja Davis,pooja.davis246@example.com,San Francisco,US,2025-04-14,social
C00247,Lucia Miller,lucia.miller247@example.com,New York,US,2025-12-04,social
C00248,Amelia Brown,amelia.brown248@example.com,Berlin,DE,2025-05-12,paid_search
C00249,Wei Singh,wei.singh249@example.com,Bengaluru,IN,2025-02-03,referral
C00250,Karan Garcia,karan.garcia250@example.com,Toronto,CA,2025-03-18,organic
C00251,Ava Kumar,ava.kumar251@example.com,New York,US,2025-06-28,referral
C00252,Sneha Johnson,sneha.johnson252@example.com,London,GB,2025-05-12,organic
C00253,Pooja Gupta,pooja.gupta253@example.com,Berlin,DE,2025-08-08,organic
C00254,Ethan Anderson,ethan.anderson254@example.com,Chennai,IN,2025-02-25,social
C00255,Nikhil Davis,nikhil.davis255@example.com,Sydney,AU,2025-09-25,email
C00256,Priya Lopez,priya.lopez256@example.com,Dubai,AE,2025-11-27,social
C00257,Priya Reddy,priya.reddy257@example.com,Pune,IN,2025-12-25,social
C00258,Ava Garcia,ava.garcia258@example.com,Mumbai,IN,2025-03-28,paid_search
C00259,Mia Singh,mia.singh259@example.com,Delhi,IN,2025-12-21,organic
C00260,Ananya Wilson,ananya.wilson260@example.com,Hyderabad,IN,2025-07-14,referral
C00261,Ava Reddy,ava.reddy261@example.com,Chennai,IN,2025-05-24,social
C00262,Ananya Patel,ananya.patel262@example.com,Delhi,IN,2025-03-25,email
C00263,Sneha Singh,sneha.singh263@example.com,Pune,IN,2025-08-22,referral
C00264,Yuki Lopez,yuki.lopez264@example.com,San Francisco,US,2025-07-09,paid_search
C00265,Divya Garcia,divya.garcia265@example.com,New York,US,2025-02-10,email
C00266,Yuki Wilson,yuki.wilson266@example.com,Berlin,DE,2025-05-02,paid_search
C00267,Mia Lopez,mia.lopez267@example.com,Mumbai,IN,2025-01-07,social
C00268,Pooja Gupta,pooja.gupta268@example.com,Toronto,CA,2025-05-10,social
C00269,Divya Sharma,divya.sharma269@example.com,San Francisco,US,2025-12-14,paid_search
C00270,Arjun Miller,arjun.miller270@example.com,Austin,US,2025-12-08,email
C00271,Ethan Singh,ethan.singh271@example.com,New York,US,2025-12-02,referral
C00272,Priya Chen,priya.chen272@example.com,Dubai,AE,2025-02-28,social
C00273,Amelia Martinez,amelia.martinez273@example.com,New York,US,2025-12-21,referral
C00274,Liam Kumar,liam.kumar274@example.com,New York,US,2025-01-11,paid_search
C00275,Lucia Garcia,lucia.garcia275@example.com,Bengaluru,IN,2025-07-28,organic
C00276,Riya Davis,riya.davis276@example.com,London,GB,2025-07-17,organic
C00277,Mia Johnson,mia.johnson277@example.com,Singapore,SG,2025-06-08,social
C00278,Rohan Singh,rohan.singh278@example.com,Austin,US,2025-11-04,email
C00279,Aditya Garcia,aditya.garcia279@example.com,Chennai,IN,2025-12-27,paid_search
C00280,Riya Kumar,riya.kumar280@example.com,Delhi,IN,2025-05-07,paid_search
C00281,Meera Singh,meera.singh281@example.com,Delhi,IN,2025-11-16,referral
C00282,Diego Martinez,diego.martinez282@example.com,Berlin,DE,2025-11-20,social
C00283,Noah Gupta,noah.gupta283@example.com,San Francisco,US,2025-02-16,referral
C00284,Olivia Smith,olivia.smith284@example.com,London,GB,2025-01-12,email
C00285,Vikram Johnson,vikram.johnson285@example.com,San Francisco,US,2025-08-02,organic
C00286,Sophia Johnson,sophia.johnson286@example.com,Bengaluru,IN,2025-11-28,organic
C00287,Lucas Chen,lucas.chen287@example.com,London,GB,2025-09-26,organic
C00288,Diego Martinez,diego.martinez288@example.com,Berlin,DE,2025-04-11,email
C00289,Wei Wilson,wei.wilson289@example.com,Delhi,IN,2025-01-15,organic
C00290,Ava Singh,ava.singh290@example.com,Austin,US,2025-11-06,organic
C00291,Riya Chen,riya.chen291@example.com,San Francisco,US,2025-09-17,email
C00292,Rohan Garcia,rohan.garcia292@example.com,Chennai,IN,2025-05-13,referral
C00293,Ava Lopez,ava.lopez293@example.com,Mumbai,IN,2025-11-21,social
C00294,Vikram Brown,vikram.brown294@example.com,Bengaluru,IN,2025-09-22,referral
C00295,Liam Smith,liam.smith295@example.com,Singapore,SG,2025-11-20,paid_search
C00296,Ava Singh,ava.singh296@example.com,London,GB,2025-11-05,social
C00297,Olivia Miller,olivia.miller297@example.com,Delhi,IN,2025-10-23,organic
C00298,Olivia Anderson,olivia.anderson298@example.com,New York,US,2025-11-26,social
C00299,Arjun Wilson,arjun.wilson299@example.com,Bengaluru,IN,2025-11-22,referral
C00300,Sophia Sharma,sophia.sharma300@example.com,Chennai,IN,2025-05-06,paid_search
C00301,Ava Tanaka,ava.tanaka301@example.com,Hyderabad,IN,2025-04-05,paid_search
C00302,Vikram Johnson,vikram.johnson302@example.com,Sydney,AU,2025-02-17,email
C00303,Rahul Brown,rahul.brown303@example.com,Dubai,AE,2025-10-05,email
C00304,Lucas Gupta,lucas.gupta304@example.com,Delhi,IN,2025-03-27,email
C00305,Rohan Chen,rohan.chen305@example.com,Mumbai,IN,2025-07-12,paid_search
C00306,Diego Lopez,diego.lopez306@example.com,Pune,IN,2025-12-26,referral
C00307,Nikhil Anderson,nikhil.anderson307@example.com,Hyderabad,IN,2025-05-26,referral
C00308,Aditya Garcia,aditya.garcia308@example.com,Berlin,DE,2025-10-15,referral
C00309,Liam Miller,liam.miller309@example.com,Austin,US,2025-09-14,paid_search
C00310,Aditya Lopez,aditya.lopez310@example.com,Delhi,IN,2025-05-02,referral
C00311,Sophia Anderson,sophia.anderson311@example.com,Dubai,AE,2025-02-23,email
C00312,Divya Johnson,divya.johnson312@example.com,Bengaluru,IN,2025-03-09,referral
C00313,Meera Davis,meera.davis313@example.com,Bengaluru,IN,2025-04-27,referral
C00314,Ethan Sharma,ethan.sharma314@example.com,New York,US,2025-01-13,email
C00315,Sophia Mehta,sophia.mehta315@example.com,New York,US,2025-02-12,paid_search
C00316,Priya Brown,priya.brown316@example.com,Dubai,AE,2025-02-27,social
C00317,Meera Gupta,meera.gupta317@example.com,Mumbai,IN,2025-05-27,referral
C00318,Arjun Tanaka,arjun.tanaka318@example.com,San Francisco,US,2025-10-01,organic
C00319,Priya Smith,priya.smith319@example.com,Hyderabad,IN,2025-03-18,email
C00320,Amelia Kumar,amelia.kumar320@example.com,Toronto,CA,2025-05-08,social
C00321,Divya Patel,divya.patel321@example.com,Hyderabad,IN,2025-07-21,email
C00322,Lucia Singh,lucia.singh322@example.com,Bengaluru,IN,2025-08-20,email
C00323,Priya Wilson,priya.wilson323@example.com,London,GB,2025-04-23,paid_search
C00324,Liam Davis,liam.davis324@example.com,Mumbai,IN,2025-10-12,paid_search
C00325,Mason Reddy,mason.reddy325@example.com,Berlin,DE,2025-11-03,email
C00326,Sophia Singh,sophia.singh326@example.com,Austin,US,2025-09-17,email
C00327,Priya Miller,priya.miller327@example.com,Sydney,AU,2025-08-02,referral
C00328,Sophia Smith,sophia.smith328@example.com,Singapore,SG,2025-01-12,organic
C00329,Ethan Mehta,ethan.mehta329@example.com,Singapore,SG,2025-11-21,organic
C00330,Ava Gupta,ava.gupta330@example.com,Mumbai,IN,2025-06-18,social
C00331,Isha Chen,isha.chen331@example.com,Singapore,SG,2025-08-21,paid_search
C00332,Arjun Singh,arjun.singh332@example.com,Singapore,SG,2025-08-02,social
C00333,Aditya Patel,aditya.patel333@example.com,Toronto,CA,2025-04-02,social
C00334,Olivia Wilson,olivia.wilson334@example.com,New York,US,2025-09-16,social
C00335,Rahul Nair,rahul.nair335@example.com,Pune,IN,2025-06-28,organic
C00336,Ava Smith,ava.smith336@example.com,Bengaluru,IN,2025-06-14,referral
C00337,Diego Miller,diego.miller337@example.com,Chennai,IN,2025-03-16,referral
C00338,Sophia Wilson,sophia.wilson338@example.com,Pune,IN,2025-02-24,referral
C00339,Ananya Davis,ananya.davis339@example.com,London,GB,2025-03-18,social
C00340,Noah Kumar,noah.kumar340@example.com,Bengaluru,IN,2025-06-22,social
C00341,Olivia Chen,olivia.chen341@example.com,London,GB,2025-12-14,paid_search
C00342,Diego Garcia,diego.garcia342@example.com,San Francisco,US,2025-01-24,social
C00343,Amelia Smith,amelia.smith343@example.com,Berlin,DE,2025-01-03,referral
C00344,Sophia Wilson,sophia.wilson344@example.com,Toronto,CA,2025-12-22,paid_search
C00345,Priya Gupta,priya.gupta345@example.com,Sydney,AU,2025-10-22,referral
C00346,Rahul Gupta,rahul.gupta346@example.com,Bengaluru,IN,2025-04-25,social
C00347,Sophia Miller,sophia.miller347@example.com,London,GB,2025-01-20,paid_search
C00348,Diego Garcia,diego.garcia348@example.com,Chennai,IN,2025-08-25,organic
C00349,Arjun Wilson,arjun.wilson349@example.com,Chennai,IN,2025-07-11,social
C00350,Riya Kumar,riya.kumar350@example.com,Mumbai,IN,2025-12-06,referral
C00351,Lucas Anderson,lucas.anderson351@example.com,Bengaluru,IN,2025-05-25,social
C00352,Diego Nair,diego.nair352@example.com,London,GB,2025-05-23,referral
C00353,Aditya Kumar,aditya.kumar353@example.com,Delhi,IN,2025-02-15,paid_search
C00354,Diego Singh,diego.singh354@example.com,Toronto,CA,2025-11-28,social
C00355,Ethan Singh,ethan.singh355@example.com,Austin,US,2025-09-10,social
C00356,Rohan Reddy,rohan.reddy356@example.com,Toronto,CA,2025-06-17,paid_search
C00357,Divya Nair,divya.nair357@example.com,Toronto,CA,2025-03-08,referral
C00358,Priya Garcia,priya.garcia358@example.com,Austin,US,2025-10-12,referral
C00359,Arjun Lopez,arjun.lopez359@example.com,Dubai,AE,2025-02-03,social
C00360,Mia Tanaka,mia.tanaka360@example.com,Austin,US,2025-07-25,referral
C00361,Vikram Gupta,vikram.gupta361@example.com,Chennai,IN,2025-11-03,referral
C00362,Lucia Wilson,lucia.wilson362@example.com,Chennai,IN,2025-03-27,email
C00363,Isha Gupta,isha.gupta363@example.com,New York,US,2025-09-28,organic
C00364,Divya Wilson,divya.wilson364@example.com,Delhi,IN,2025-05-06,paid_search
C00365,Noah Mehta,noah.mehta365@example.com,Chennai,IN,2025-09-10,organic
C00366,James Nair,james.nair366@example.com,Berlin,DE,2025-09-09,paid_search
C00367,Olivia Lopez,olivia.lopez367@example.com,Austin,US,2025-02-17,paid_search
C00368,Meera Reddy,meera.reddy368@example.com,Berlin,DE,2025-10-24,email
C00369,Ava Martinez,ava.martinez369@example.com,Mumbai,IN,2025-01-03,organic
C00370,James Nair,james.nair370@example.com,Toronto,CA,2025-10-14,email
C00371,Priya Tanaka,priya.tanaka371@example.com,Dubai,AE,2025-11-18,social
C00372,Olivia Tanaka,olivia.tanaka372@example.com,Hyderabad,IN,2025-11-13,social
C00373,Lucia Singh,lucia.singh373@example.com,Singapore,SG,2025-01-06,referral
C00374,Mason Tanaka,mason.tanaka374@example.com,San Francisco,US,2025-04-11,email
C00375,Meera Brown,meera.brown375@example.com,Sydney,AU,2025-12-11,social
C00376,Mia Gupta,mia.gupta376@example.com,Toronto,CA,2025-06-17,email
C00377,Karan Brown,karan.brown377@example.com,Hyderabad,IN,2025-08-04,social
C00378,Diego Mehta,diego.mehta378@example.com,Delhi,IN,2025-02-02,social
C00379,Lucas Lopez,lucas.lopez379@example.com,New York,US,2025-04-28,paid_search
C00380,Noah Martinez,noah.martinez380@example.com,Singapore,SG,2025-06-07,paid_search
C00381,Yuki Wilson,yuki.wilson381@example.com,San Francisco,US,2025-08-10,referral
C00382,Priya Singh,priya.singh382@example.com,New York,US,2025-09-15,paid_search
C00383,Pooja Martinez,pooja.martinez383@example.com,Chennai,IN,2025-01-02,social
C00384,Yuki Lopez,yuki.lopez384@example.com,Dubai,AE,2025-11-22,referral
C00385,Liam Anderson,liam.anderson385@example.com,Mumbai,IN,2025-02-14,paid_search
C00386,James Garcia,james.garcia386@example.com,Toronto,CA,2025-07-12,organic
C00387,Mia Patel,mia.patel387@example.com,London,GB,2025-09-07,social
C00388,Liam Singh,liam.singh388@example.com,New York,US,2025-09-15,email
C00389,Emma Lopez,emma.lopez389@example.com,Berlin,DE,2025-10-04,paid_search
C00390,Karan Miller,karan.miller390@example.com,Chennai,IN,2025-06-18,social
C00391,Meera Nair,meera.nair391@example.com,London,GB,2025-09-13,email
C00392,Rahul Patel,rahul.patel392@example.com,Mumbai,IN,2025-03-23,social
C00393,Wei Wilson,wei.wilson393@example.com,San Francisco,US,2025-03-20,email
C00394,Arjun Brown,arjun.brown394@example.com,Dubai,AE,2025-10-11,paid_search
C00395,Mia Lopez,mia.lopez395@example.com,Singapore,SG,2025-05-19,social
C00396,Yuki Martinez,yuki.martinez396@example.com,Pune,IN,2025-08-27,organic
C00397,Sophia Brown,sophia.brown397@example.com,Berlin,DE,2025-02-14,email
C00398,Olivia Sharma,olivia.sharma398@example.com,London,GB,2025-08-09,email
C00399,Nikhil Patel,nikhil.patel399@example.com,London,GB,2025-08-06,email
C00400,Lucas Gupta,lucas.gupta400@example.com,Sydney,AU,2025-11-08,organic
C00401,Divya Nair,divya.nair401@example.com,Mumbai,IN,2025-08-11,referral
C00402,Meera Davis,meera.davis402@example.com,Singapore,SG,2025-04-14,email
C00403,Wei Patel,wei.patel403@example.com,Singapore,SG,2025-03-17,paid_search
C00404,Noah Tanaka,noah.tanaka404@example.com,Austin,US,2025-07-11,paid_search
C00405,Lucia Anderson,lucia.anderson405@example.com,Chennai,IN,2025-09-12,social
C00406,Wei Nair,wei.nair406@example.com,Hyderabad,IN,2025-05-18,social
C00407,Nikhil Johnson,nikhil.johnson407@example.com,Toronto,CA,2025-05-23,paid_search
C00408,Yuki Brown,yuki.brown408@example.com,San Francisco,US,2025-06-18,social
C00409,Liam Kumar,liam.kumar409@example.com,London,GB,2025-11-18,referral
C00410,Mia Garcia,mia.garcia410@example.com,Toronto,CA,2025-03-10,organic
C00411,Liam Singh,liam.singh411@example.com,Chennai,IN,2025-08-21,social
C00412,Wei Nair,wei.nair412@example.com,Hyderabad,IN,2025-09-09,email
C00413,Emma Gupta,emma.gupta413@example.com,Bengaluru,IN,2025-10-24,email
C00414,Riya Mehta,riya.mehta414@example.com,Mumbai,IN,2025-11-17,paid_search
C00415,Nikhil Patel,nikhil.patel415@example.com,Bengaluru,IN,2025-07-11,referral
C00416,Karan Gupta,karan.gupta416@example.com,Mumbai,IN,2025-09-06,referral
C00417,Wei Tanaka,wei.tanaka417@example.com,Berlin,DE,2025-04-25,social
C00418,Noah Johnson,noah.johnson418@example.com,Berlin,DE,2025-01-25,organic
C00419,Nikhil Anderson,nikhil.anderson419@example.com,Singapore,SG,2025-12-28,organic
C00420,Isha Davis,isha.davis420@example.com,Dubai,AE,2025-03-02,referral
C00421,Yuki Reddy,yuki.reddy421@example.com,Dubai,AE,2025-12-28,social
C00422,Rahul Sharma,rahul.sharma422@example.com,Pune,IN,2025-10-20,organic
C00423,Ava Johnson,ava.johnson423@example.com,San Francisco,US,2025-11-18,email
C00424,Yuki Gupta,yuki.gupta424@example.com,Sydney,AU,2025-09-15,social
C00425,Aditya Kumar,aditya.kumar425@example.com,Chennai,IN,2025-03-24,referral
C00426,James Reddy,james.reddy426@example.com,Mumbai,IN,2025-12-11,social
C00427,Aditya Reddy,aditya.reddy427@example.com,London,GB,2025-11-13,referral
C00428,Noah Singh,noah.singh428@example.com,New York,US,2025-11-04,paid_search
C00429,Arjun Tanaka,arjun.tanaka429@example.com,Chennai,IN,2025-04-01,social
C00430,Lucas Mehta,lucas.mehta430@example.com,San Francisco,US,2025-05-11,social
C00431,Aarav Smith,aarav.smith431@example.com,Berlin,DE,2025-06-23,paid_search
C00432,Sneha Kumar,sneha.kumar432@example.com,San Francisco,US,2025-05-06,referral
C00433,Olivia Kumar,olivia.kumar433@example.com,Berlin,DE,2025-05-12,email
C00434,Nikhil Mehta,nikhil.mehta434@example.com,Delhi,IN,2025-08-05,referral
C00435,Sophia Davis,sophia.davis435@example.com,Singapore,SG,2025-09-16,email
C00436,Pooja Mehta,pooja.mehta436@example.com,Berlin,DE,2025-10-28,organic
C00437,Diego Wilson,diego.wilson437@example.com,Singapore,SG,2025-06-03,email
C00438,Divya Patel,divya.patel438@example.com,Sydney,AU,2025-09-17,paid_search
C00439,Meera Reddy,meera.reddy439@example.com,Chennai,IN,2025-09-15,organic
C00440,Pooja Martinez,pooja.martinez440@example.com,San Francisco,US,2025-02-17,referral
C00441,Sneha Chen,sneha.chen441@example.com,Delhi,IN,2025-09-14,referral
C00442,Sneha Anderson,sneha.anderson442@example.com,San Francisco,US,2025-11-26,social
C00443,Priya Miller,priya.miller443@example.com,Pune,IN,2025-01-24,paid_search
C00444,Vikram Patel,vikram.patel444@example.com,New York,US,2025-06-23,organic
C00445,Sneha Singh,sneha.singh445@example.com,Dubai,AE,2025-08-02,social
C00446,Mason Reddy,mason.reddy446@example.com,Toronto,CA,2025-03-25,referral
C00447,Sophia Miller,sophia.miller447@example.com,San Francisco,US,2025-07-13,organic
C00448,Arjun Garcia,arjun.garcia448@example.com,Bengaluru,IN,2025-03-18,referral
C00449,Arjun Mehta,arjun.mehta449@example.com,Sydney,AU,2025-01-25,organic
C00450,Olivia Chen,olivia.chen450@example.com,Berlin,DE,2025-12-18,referral
C00451,Lucas Mehta,lucas.mehta451@example.com,Hyderabad,IN,2025-08-12,paid_search
C00452,Emma Nair,emma.nair452@example.com,Dubai,AE,2025-12-25,organic
C00453,Rahul Davis,rahul.davis453@example.com,London,GB,2025-01-08,paid_search
C00454,Vikram Kumar,vikram.kumar454@example.com,London,GB,2025-01-15,email
C00455,Sneha Mehta,sneha.mehta455@example.com,Singapore,SG,2025-01-13,referral
C00456,Nikhil Anderson,nikhil.anderson456@example.com,Hyderabad,IN,2025-01-05,email
C00457,Liam Mehta,liam.mehta457@example.com,Sydney,AU,2025-12-19,social
C00458,Noah Mehta,noah.mehta458@example.com,Pune,IN,2025-03-22,email
C00459,Nikhil Davis,nikhil.davis459@example.com,Pune,IN,2025-05-02,email
C00460,Isha Davis,isha.davis460@example.com,Austin,US,2025-08-02,social
C00461,Lucas Wilson,lucas.wilson461@example.com,Chennai,IN,2025-12-14,referral
C00462,Meera Johnson,meera.johnson462@example.com,New York,US,2025-03-25,email
C00463,Wei Mehta,wei.mehta463@example.com,Sydney,AU,2025-04-10,paid_search
C00464,Lucia Patel,lucia.patel464@example.com,Austin,US,2025-07-14,email
C00465,Arjun Miller,arjun.miller465@example.com,Hyderabad,IN,2025-05-07,social
C00466,Ananya Chen,ananya.chen466@example.com,Sydney,AU,2025-06-03,email
C00467,Aditya Patel,aditya.patel467@example.com,Pune,IN,2025-07-22,email
C00468,Rahul Singh,rahul.singh468@example.com,Hyderabad,IN,2025-10-24,email
C00469,Pooja Tanaka,pooja.tanaka469@example.com,Hyderabad,IN,2025-06-10,organic
C00470,Pooja Nair,pooja.nair470@example.com,Singapore,SG,2025-02-24,referral
C00471,Riya Lopez,riya.lopez471@example.com,Singapore,SG,2025-04-13,paid_search
C00472,Noah Johnson,noah.johnson472@example.com,New York,US,2025-08-18,social
C00473,Olivia Smith,olivia.smith473@example.com,Chennai,IN,2025-09-16,referral
C00474,Karan Tanaka,karan.tanaka474@example.com,Toronto,CA,2025-06-07,social
C00475,Noah Davis,noah.davis475@example.com,Mumbai,IN,2025-10-28,paid_search
C00476,Meera Sharma,meera.sharma476@example.com,Pune,IN,2025-09-19,email
C00477,Mason Johnson,mason.johnson477@example.com,Delhi,IN,2025-04-11,paid_search
C00478,Lucas Martinez,lucas.martinez478@example.com,Sydney,AU,2025-04-16,email
C00479,Ava Smith,ava.smith479@example.com,Toronto,CA,2025-08-24,referral
C00480,Lucia Reddy,lucia.reddy480@example.com,Singapore,SG,2025-06-06,paid_search
C00481,Yuki Reddy,yuki.reddy481@example.com,Dubai,AE,2025-09-21,organic
C00482,Rahul Singh,rahul.singh482@example.com,Sydney,AU,2025-11-02,organic
C00483,Mason Gupta,mason.gupta483@example.com,Sydney,AU,2025-11-08,organic
C00484,Meera Sharma,meera.sharma484@example.com,Hyderabad,IN,2025-09-15,social
C00485,Sneha Lopez,sneha.lopez485@example.com,Berlin,DE,2025-11-20,referral
C00486,Yuki Sharma,yuki.sharma486@example.com,Mumbai,IN,2025-09-18,referral
C00487,Aarav Sharma,aarav.sharma487@example.com,Austin,US,2025-12-09,email
C00488,Liam Sharma,liam.sharma488@example.com,Austin,US,2025-12-22,referral
C00489,Isha Kumar,isha.kumar489@example.com,Dubai,AE,2025-02-17,paid_search
C00490,Riya Nair,riya.nair490@example.com,London,GB,2025-09-09,social
C00491,Emma Miller,emma.miller491@example.com,Bengaluru,IN,2025-06-13,referral
C00492,Riya Mehta,riya.mehta492@example.com,Pune,IN,2025-11-27,organic
C00493,Rahul Singh,rahul.singh493@example.com,New York,US,2025-07-13,email
C00494,Wei Patel,wei.patel494@example.com,Berlin,DE,2025-01-23,paid_search
C00495,Ananya Tanaka,ananya.tanaka495@example.com,Sydney,AU,2025-07-21,social
C00496,Karan Wilson,karan.wilson496@example.com,Dubai,AE,2025-01-08,paid_search
C00497,Wei Smith,wei.smith497@example.com,Mumbai,IN,2025-02-22,social
C00498,Rahul Reddy,rahul.reddy498@example.com,Dubai,AE,2025-06-01,paid_search
C00499,Meera Miller,meera.miller499@example.com,Dubai,AE,2025-02-10,paid_search
C00500,Riya Martinez,riya.martinez500@example.com,Sydney,AU,2025-07-22,email
C00501,Ava Miller,ava.miller501@example.com,Toronto,CA,2025-12-05,organic
C00502,Ethan Patel,ethan.patel502@example.com,Bengaluru,IN,2025-07-08,organic
C00503,Ava Lopez,ava.lopez503@example.com,Toronto,CA,2025-10-20,referral
C00504,Noah Sharma,noah.sharma504@example.com,Berlin,DE,2025-05-26,referral
C00505,Yuki Mehta,yuki.mehta505@example.com,Chennai,IN,2025-09-13,referral
C00506,Isha Martinez,isha.martinez506@example.com,Berlin,DE,2025-07-03,email
C00507,Liam Mehta,liam.mehta507@example.com,Singapore,SG,2025-02-03,social
C00508,Meera Miller,meera.miller508@example.com,Singapore,SG,2025-11-05,referral
C00509,Noah Garcia,noah.garcia509@example.com,Bengaluru,IN,2025-02-01,social
C00510,Diego Garcia,diego.garcia510@example.com,Toronto,CA,2025-05-04,paid_search
C00511,Ananya Reddy,ananya.reddy511@example.com,New York,US,2025-08-18,email
C00512,Mason Kumar,mason.kumar512@example.com,Mumbai,IN,2025-02-12,email
C00513,Ananya Lopez,ananya.lopez513@example.com,London,GB,2025-06-28,referral
C00514,Aarav Johnson,aarav.johnson514@example.com,New York,US,2025-07-25,organic
C00515,Riya Martinez,riya.martinez515@example.com,Austin,US,2025-03-22,referral
C00516,Rohan Gupta,rohan.gupta516@example.com,Pune,IN,2025-05-09,referral
C00517,Meera Singh,meera.singh517@example.com,Delhi,IN,2025-07-09,referral
C00518,Olivia Tanaka,olivia.tanaka518@example.com,Toronto,CA,2025-02-12,social
C00519,Riya Tanaka,riya.tanaka519@example.com,London,GB,2025-10-07,referral
C00520,Karan Gupta,karan.gupta520@example.com,Pune,IN,2025-01-13,social
C00521,Lucas Brown,lucas.brown521@example.com,San Francisco,US,2025-06-14,email
C00522,Arjun Johnson,arjun.johnson522@example.com,Chennai,IN,2025-10-23,paid_search
C00523,Wei Brown,wei.brown523@example.com,Delhi,IN,2025-07-11,social
C00524,Yuki Martinez,yuki.martinez524@example.com,Toronto,CA,2025-04-11,referral
C00525,Emma Miller,emma.miller525@example.com,Chennai,IN,2025-02-19,paid_search
C00526,Isha Anderson,isha.anderson526@example.com,Mumbai,IN,2025-12-15,paid_search
C00527,Diego Johnson,diego.johnson527@example.com,Sydney,AU,2025-12-03,referral
C00528,Yuki Gupta,yuki.gupta528@example.com,Berlin,DE,2025-05-08,social
C00529,Meera Davis,meera.davis529@example.com,Toronto,CA,2025-07-03,referral
C00530,Wei Martinez,wei.martinez530@example.com,New York,US,2025-09-17,referral
C00531,Rahul Garcia,rahul.garcia531@example.com,Singapore,SG,2025-09-20,organic
C00532,Karan Mehta,karan.mehta532@example.com,Berlin,DE,2025-11-12,paid_search
C00533,Rahul Martinez,rahul.martinez533@example.com,Berlin,DE,2025-11-21,referral
C00534,Ava Davis,ava.davis534@example.com,Bengaluru,IN,2025-01-04,social
C00535,Nikhil Wilson,nikhil.wilson535@example.com,Singapore,SG,2025-09-18,email
C00536,Nikhil Chen,nikhil.chen536@example.com,Chennai,IN,2025-07-15,email
C00537,Meera Garcia,meera.garcia537@example.com,Mumbai,IN,2025-08-04,social
C00538,Mason Singh,mason.singh538@example.com,Bengaluru,IN,2025-12-05,social
C00539,Olivia Brown,olivia.brown539@example.com,San Francisco,US,2025-04-17,referral
C00540,Ethan Tanaka,ethan.tanaka540@example.com,Bengaluru,IN,2025-08-24,referral
C00541,Noah Singh,noah.singh541@example.com,Pune,IN,2025-01-26,organic
C00542,Priya Brown,priya.brown542@example.com,Berlin,DE,2025-02-22,paid_search
C00543,Riya Wilson,riya.wilson543@example.com,Delhi,IN,2025-09-06,social
C00544,Amelia Chen,amelia.chen544@example.com,Hyderabad,IN,2025-07-21,paid_search
C00545,Isha Davis,isha.davis545@example.com,New York,US,2025-01-24,email
C00546,Aditya Chen,aditya.chen546@example.com,London,GB,2025-07-13,organic
C00547,Pooja Nair,pooja.nair547@example.com,Pune,IN,2025-12-26,organic
C00548,Karan Anderson,karan.anderson548@example.com,Delhi,IN,2025-06-11,paid_search
C00549,Lucia Kumar,lucia.kumar549@example.com,Pune,IN,2025-11-28,referral
C00550,Noah Lopez,noah.lopez550@example.com,New York,US,2025-10-13,email
C00551,Divya Garcia,divya.garcia551@example.com,Chennai,IN,2025-08-20,paid_search
C00552,Olivia Lopez,olivia.lopez552@example.com,London,GB,2025-02-22,paid_search
C00553,Noah Kumar,noah.kumar553@example.com,Hyderabad,IN,2025-05-04,paid_search
C00554,Sophia Gupta,sophia.gupta554@example.com,Austin,US,2025-07-14,email
C00555,Arjun Martinez,arjun.martinez555@example.com,New York,US,2025-07-06,referral
C00556,Isha Anderson,isha.anderson556@example.com,Delhi,IN,2025-08-10,paid_search
C00557,Isha Brown,isha.brown557@example.com,Sydney,AU,2025-08-20,organic
C00558,Ethan Sharma,ethan.sharma558@example.com,San Francisco,US,2025-03-07,referral
C00559,Yuki Davis,yuki.davis559@example.com,Berlin,DE,2025-08-14,referral
C00560,Yuki Reddy,yuki.reddy560@example.com,Bengaluru,IN,2025-10-01,paid_search
C00561,Liam Patel,liam.patel561@example.com,Pune,IN,2025-04-18,social
C00562,Rohan Chen,rohan.chen562@example.com,London,GB,2025-12-25,referral
C00563,Divya Martinez,divya.martinez563@example.com,Bengaluru,IN,2025-05-25,email
C00564,Sophia Anderson,sophia.anderson564@example.com,Sydney,AU,2025-01-25,referral
C00565,Pooja Davis,pooja.davis565@example.com,Bengaluru,IN,2025-12-27,paid_search
C00566,Olivia Patel,olivia.patel566@example.com,San Francisco,US,2025-05-12,organic
C00567,Diego Kumar,diego.kumar567@example.com,Toronto,CA,2025-04-07,email
C00568,Ethan Lopez,ethan.lopez568@example.com,Berlin,DE,2025-07-06,email
C00569,Arjun Nair,arjun.nair569@example.com,Sydney,AU,2025-04-26,organic
C00570,Ethan Anderson,ethan.anderson570@example.com,Pune,IN,2025-10-18,paid_search
C00571,Noah Johnson,noah.johnson571@example.com,Pune,IN,2025-10-09,email
C00572,Karan Gupta,karan.gupta572@example.com,Toronto,CA,2025-07-02,social
C00573,Arjun Gupta,arjun.gupta573@example.com,Hyderabad,IN,2025-03-23,social
C00574,Riya Miller,riya.miller574@example.com,San Francisco,US,2025-03-19,social
C00575,Mason Miller,mason.miller575@example.com,San Francisco,US,2025-02-21,organic
C00576,Mia Wilson,mia.wilson576@example.com,Singapore,SG,2025-05-23,social
C00577,Lucia Tanaka,lucia.tanaka577@example.com,Chennai,IN,2025-10-01,organic
C00578,Lucia Garcia,lucia.garcia578@example.com,Sydney,AU,2025-02-26,email
C00579,Mia Nair,mia.nair579@example.com,New York,US,2025-04-16,social
C00580,Noah Johnson,noah.johnson580@example.com,Chennai,IN,2025-09-19,paid_search
C00581,Yuki Brown,yuki.brown581@example.com,Dubai,AE,2025-11-25,organic
C00582,Rahul Kumar,rahul.kumar582@example.com,Berlin,DE,2025-08-01,organic
C00583,Rohan Chen,rohan.chen583@example.com,San Francisco,US,2025-01-14,paid_search
C00584,Arjun Johnson,arjun.johnson584@example.com,Delhi,IN,2025-05-03,social
C00585,James Singh,james.singh585@example.com,Chennai,IN,2025-11-21,paid_search
C00586,Sneha Miller,sneha.miller586@example.com,Berlin,DE,2025-05-24,paid_search
C00587,Amelia Singh,amelia.singh587@example.com,Singapore,SG,2025-02-01,paid_search
C00588,Wei Singh,wei.singh588@example.com,Delhi,IN,2025-10-08,email
C00589,Diego Sharma,diego.sharma589@example.com,Mumbai,IN,2025-12-11,organic
C00590,Amelia Gupta,amelia.gupta590@example.com,San Francisco,US,2025-02-08,referral
C00591,Ananya Kumar,ananya.kumar591@example.com,Bengaluru,IN,2025-06-12,social
C00592,Arjun Miller,arjun.miller592@example.com,Toronto,CA,2025-03-21,paid_search
C00593,Vikram Wilson,vikram.wilson593@example.com,London,GB,2025-01-20,paid_search
C00594,Diego Garcia,diego.garcia594@example.com,Singapore,SG,2025-04-21,paid_search
C00595,Mason Lopez,mason.lopez595@example.com,Berlin,DE,2025-08-28,paid_search
C00596,Ananya Kumar,ananya.kumar596@example.com,Delhi,IN,2025-02-19,referral
C00597,Ethan Davis,ethan.davis597@example.com,Chennai,IN,2025-03-08,social
C00598,Ananya Mehta,ananya.mehta598@example.com,Austin,US,2025-10-20,email
C00599,Liam Sharma,liam.sharma599@example.com,Sydney,AU,2025-11-10,paid_search
C00600,Aditya Miller,aditya.miller600@example.com,Pune,IN,2025-11-02,paid_search
C00601,Yuki Miller,yuki.miller601@example.com,Bengaluru,IN,2025-04-16,email
C00602,Vikram Wilson,vikram.wilson602@example.com,Dubai,AE,2025-01-12,social
C00603,Arjun Miller,arjun.miller603@example.com,Sydney,AU,2025-10-14,social
C00604,Isha Tanaka,isha.tanaka604@example.com,Toronto,CA,2025-02-01,email
C00605,Vikram Sharma,vikram.sharma605@example.com,Pune,IN,2025-04-02,organic
C00606,Mia Wilson,mia.wilson606@example.com,Pune,IN,2025-11-23,email
C00607,Mason Davis,mason.davis607@example.com,Singapore,SG,2025-07-03,email
C00608,Meera Smith,meera.smith608@example.com,Bengaluru,IN,2025-05-03,email
C00609,Pooja Gupta,pooja.gupta609@example.com,Austin,US,2025-06-13,email
C00610,Vikram Johnson,vikram.johnson610@example.com,Singapore,SG,2025-07-24,paid_search
C00611,Sneha Mehta,sneha.mehta611@example.com,Bengaluru,IN,2025-07-04,referral
C00612,Sneha Johnson,sneha.johnson612@example.com,Berlin,DE,2025-12-22,paid_search
C00613,Divya Sharma,divya.sharma613@example.com,Singapore,SG,2025-03-23,organic
C00614,Rohan Tanaka,rohan.tanaka614@example.com,Chennai,IN,2025-09-17,social
C00615,Rohan Garcia,rohan.garcia615@example.com,Delhi,IN,2025-12-25,social
C00616,Divya Sharma,divya.sharma616@example.com,Chennai,IN,2025-07-09,email
C00617,Vikram Smith,vikram.smith617@example.com,Singapore,SG,2025-10-21,organic
C00618,Yuki Chen,yuki.chen618@example.com,Austin,US,2025-06-02,referral
C00619,Rohan Garcia,rohan.garcia619@example.com,Delhi,IN,2025-05-25,organic
C00620,Divya Mehta,divya.mehta620@example.com,Singapore,SG,2025-09-01,organic
C00621,Aarav Mehta,aarav.mehta621@example.com,Mumbai,IN,2025-08-12,referral
C00622,Meera Reddy,meera.reddy622@example.com,Dubai,AE,2025-01-18,referral
C00623,Nikhil Brown,nikhil.brown623@example.com,Hyderabad,IN,2025-07-24,social
C00624,Emma Singh,emma.singh624@example.com,London,GB,2025-06-04,email
C00625,Sneha Reddy,sneha.reddy625@example.com,Hyderabad,IN,2025-09-02,referral
C00626,Vikram Chen,vikram.chen626@example.com,Sydney,AU,2025-05-25,social
C00627,Noah Singh,noah.singh627@example.com,Austin,US,2025-08-01,social
C00628,Aditya Johnson,aditya.johnson628@example.com,London,GB,2025-05-24,email
C00629,Riya Chen,riya.chen629@example.com,Chennai,IN,2025-10-16,paid_search
C00630,Riya Gupta,riya.gupta630@example.com,Mumbai,IN,2025-07-01,paid_search
C00631,Ethan Sharma,ethan.sharma631@example.com,Chennai,IN,2025-01-25,referral
C00632,Olivia Kumar,olivia.kumar632@example.com,Hyderabad,IN,2025-09-08,referral
C00633,Yuki Patel,yuki.patel633@example.com,Delhi,IN,2025-12-09,organic
C00634,Rahul Mehta,rahul.mehta634@example.com,Dubai,AE,2025-09-14,social
C00635,Lucia Singh,lucia.singh635@example.com,London,GB,2025-02-17,paid_search
C00636,Mia Singh,mia.singh636@example.com,London,GB,2025-10-02,referral
C00637,Arjun Mehta,arjun.mehta637@example.com,Pune,IN,2025-05-28,social
C00638,Mia Brown,mia.brown638@example.com,Chennai,IN,2025-08-09,paid_search
C00639,Vikram Nair,vikram.nair639@example.com,Delhi,IN,2025-10-04,paid_search
C00640,Karan Reddy,karan.reddy640@example.com,San Francisco,US,2025-08-11,referral
C00641,Divya Anderson,divya.anderson641@example.com,Chennai,IN,2025-04-15,social
C00642,Lucia Smith,lucia.smith642@example.com,Sydney,AU,2025-02-03,paid_search
C00643,Olivia Lopez,olivia.lopez643@example.com,Mumbai,IN,2025-04-27,social
C00644,Meera Singh,meera.singh644@example.com,Singapore,SG,2025-04-12,referral
C00645,Sneha Johnson,sneha.johnson645@example.com,Pune,IN,2025-03-01,referral
C00646,Diego Anderson,diego.anderson646@example.com,Singapore,SG,2025-09-08,organic
C00647,Lucia Kumar,lucia.kumar647@example.com,Toronto,CA,2025-03-04,organic
C00648,Sneha Mehta,sneha.mehta648@example.com,Delhi,IN,2025-04-27,referral
C00649,Sophia Singh,sophia.singh649@example.com,London,GB,2025-10-09,organic
C00650,Priya Singh,priya.singh650@example.com,Hyderabad,IN,2025-11-15,paid_search
C00651,Ananya Brown,ananya.brown651@example.com,Bengaluru,IN,2025-01-15,organic
C00652,Rohan Martinez,rohan.martinez652@example.com,New York,US,2025-12-13,referral
C00653,Priya Miller,priya.miller653@example.com,Berlin,DE,2025-07-06,social
C00654,Pooja Reddy,pooja.reddy654@example.com,Pune,IN,2025-05-15,paid_search
C00655,Rahul Lopez,rahul.lopez655@example.com,London,GB,2025-10-08,social
C00656,Yuki Davis,yuki.davis656@example.com,Dubai,AE,2025-09-16,organic
C00657,Ananya Smith,ananya.smith657@example.com,New York,US,2025-03-14,paid_search
C00658,Riya Anderson,riya.anderson658@example.com,Toronto,CA,2025-01-13,social
C00659,Wei Anderson,wei.anderson659@example.com,Toronto,CA,2025-08-12,email
C00660,Noah Miller,noah.miller660@example.com,Pune,IN,2025-03-01,social
C00661,Nikhil Sharma,nikhil.sharma661@example.com,Dubai,AE,2025-05-02,referral
C00662,Ethan Martinez,ethan.martinez662@example.com,Hyderabad,IN,2025-03-04,paid_search
C00663,Riya Smith,riya.smith663@example.com,Austin,US,2025-12-02,paid_search
C00664,Lucas Garcia,lucas.garcia664@example.com,Dubai,AE,2025-03-06,paid_search
C00665,Noah Garcia,noah.garcia665@example.com,Dubai,AE,2025-10-01,social
C00666,Meera Martinez,meera.martinez666@example.com,Hyderabad,IN,2025-08-18,social
C00667,Isha Tanaka,isha.tanaka667@example.com,Mumbai,IN,2025-02-02,paid_search
C00668,Nikhil Sharma,nikhil.sharma668@example.com,Austin,US,2025-08-01,social
C00669,Aditya Gupta,aditya.gupta669@example.com,Chennai,IN,2025-12-06,social
C00670,Sneha Sharma,sneha.sharma670@example.com,Delhi,IN,2025-10-23,paid_search
C00671,Divya Wilson,divya.wilson671@example.com,Sydney,AU,2025-06-03,social
C00672,Mia Martinez,mia.martinez672@example.com,Bengaluru,IN,2025-06-10,social
C00673,Arjun Reddy,arjun.reddy673@example.com,Singapore,SG,2025-07-26,referral
C00674,Noah Reddy,noah.reddy674@example.com,Singapore,SG,2025-09-23,email
C00675,Ethan Mehta,ethan.mehta675@example.com,Berlin,DE,2025-10-27,paid_search
C00676,Lucas Johnson,lucas.johnson676@example.com,Singapore,SG,2025-12-10,paid_search
C00677,Isha Sharma,isha.sharma677@example.com,Singapore,SG,2025-10-13,email
C00678,Rahul Reddy,rahul.reddy678@example.com,London,GB,2025-06-26,email
C00679,Nikhil Martinez,nikhil.martinez679@example.com,Bengaluru,IN,2025-08-05,social
C00680,Vikram Mehta,vikram.mehta680@example.com,Chennai,IN,2025-06-06,organic
C00681,Ava Chen,ava.chen681@example.com,Mumbai,IN,2025-05-07,paid_search
C00682,Vikram Garcia,vikram.garcia682@example.com,Pune,IN,2025-02-24,organic
C00683,Sneha Miller,sneha.miller683@example.com,San Francisco,US,2025-12-14,paid_search
C00684,Mason Tanaka,mason.tanaka684@example.com,Dubai,AE,2025-07-12,email
C00685,Lucas Kumar,lucas.kumar685@example.com,Sydney,AU,2025-08-26,email
C00686,Nikhil Reddy,nikhil.reddy686@example.com,San Francisco,US,2025-02-26,organic
C00687,Liam Sharma,liam.sharma687@example.com,Chennai,IN,2025-05-04,organic
C00688,Ava Reddy,ava.reddy688@example.com,Dubai,AE,2025-07-06,organic
C00689,Ananya Brown,ananya.brown689@example.com,London,GB,2025-10-16,organic
C00690,Amelia Reddy,amelia.reddy690@example.com,London,GB,2025-07-06,organic
C00691,Karan Brown,karan.brown691@example.com,Hyderabad,IN,2025-04-14,email
C00692,James Johnson,james.johnson692@example.com,Pune,IN,2025-04-04,organic
C00693,Mia Martinez,mia.martinez693@example.com,Austin,US,2025-08-05,organic
C00694,Sophia Sharma,sophia.sharma694@example.com,New York,US,2025-02-10,email
C00695,Wei Nair,wei.nair695@example.com,Bengaluru,IN,2025-01-07,paid_search
C00696,Liam Singh,liam.singh696@example.com,San Francisco,US,2025-02-10,referral
C00697,Wei Tanaka,wei.tanaka697@example.com,Dubai,AE,2025-11-09,organic
C00698,Lucas Reddy,lucas.reddy698@example.com,Chennai,IN,2025-07-12,paid_search
C00699,Diego Patel,diego.patel699@example.com,Pune,IN,2025-08-15,social
C00700,Nikhil Smith,nikhil.smith700@example.com,London,GB,2025-01-05,organic
C00701,Ananya Garcia,ananya.garcia701@example.com,Toronto,CA,2025-09-14,email
C00702,Nikhil Anderson,nikhil.anderson702@example.com,Mumbai,IN,2025-07-27,email
C00703,Mason Anderson,mason.anderson703@example.com,Berlin,DE,2025-08-19,paid_search
C00704,Wei Johnson,wei.johnson704@example.com,Bengaluru,IN,2025-07-28,organic
C00705,Meera Kumar,meera.kumar705@example.com,Toronto,CA,2025-08-06,paid_search
C00706,Pooja Nair,pooja.nair706@example.com,Delhi,IN,2025-01-14,organic
C00707,Amelia Nair,amelia.nair707@example.com,Sydney,AU,2025-11-05,email
C00708,James Brown,james.brown708@example.com,Dubai,AE,2025-12-26,organic
C00709,Ananya Miller,ananya.miller709@example.com,Austin,US,2025-07-18,social
C00710,Emma Wilson,emma.wilson710@example.com,San Francisco,US,2025-01-26,email
C00711,Mason Kumar,mason.kumar711@example.com,New York,US,2025-03-05,email
C00712,Karan Kumar,karan.kumar712@example.com,London,GB,2025-02-26,social
C00713,Ethan Davis,ethan.davis713@example.com,Pune,IN,2025-07-21,referral
C00714,Wei Patel,wei.patel714@example.com,Delhi,IN,2025-05-13,paid_search
C00715,Mia Patel,mia.patel715@example.com,New York,US,2025-06-23,paid_search
C00716,Sneha Tanaka,sneha.tanaka716@example.com,Dubai,AE,2025-05-12,organic
C00717,Ava Johnson,ava.johnson717@example.com,Pune,IN,2025-05-27,referral
C00718,Karan Mehta,karan.mehta718@example.com,Delhi,IN,2025-05-24,referral
C00719,Noah Smith,noah.smith719@example.com,Singapore,SG,2025-07-20,organic
C00720,Aditya Chen,aditya.chen720@example.com,Hyderabad,IN,2025-07-24,referral
C00721,Sophia Patel,sophia.patel721@example.com,Austin,US,2025-03-03,social
C00722,Mia Gupta,mia.gupta722@example.com,Toronto,CA,2025-09-19,organic
C00723,Isha Nair,isha.nair723@example.com,Dubai,AE,2025-04-27,organic
C00724,Riya Patel,riya.patel724@example.com,San Francisco,US,2025-01-12,paid_search
C00725,Emma Garcia,emma.garcia725@example.com,Sydney,AU,2025-08-17,referral
C00726,Divya Sharma,divya.sharma726@example.com,Hyderabad,IN,2025-06-16,email
C00727,Diego Reddy,diego.reddy727@example.com,Sydney,AU,2025-08-19,email
C00728,Ethan Garcia,ethan.garcia728@example.com,Delhi,IN,2025-05-24,organic
C00729,Liam Sharma,liam.sharma729@example.com,New York,US,2025-01-06,email
C00730,Pooja Mehta,pooja.mehta730@example.com,Berlin,DE,2025-04-22,paid_search
C00731,Emma Davis,emma.davis731@example.com,Austin,US,2025-01-28,organic
C00732,Wei Gupta,wei.gupta732@example.com,Berlin,DE,2025-03-20,organic
C00733,Nikhil Smith,nikhil.smith733@example.com,London,GB,2025-05-23,social
C00734,Amelia Miller,amelia.miller734@example.com,Sydney,AU,2025-06-15,social
C00735,Pooja Chen,pooja.chen735@example.com,Pune,IN,2025-11-17,email
C00736,Mia Martinez,mia.martinez736@example.com,Bengaluru,IN,2025-01-17,social
C00737,Liam Johnson,liam.johnson737@example.com,Berlin,DE,2025-02-16,organic
C00738,Ava Smith,ava.smith738@example.com,Berlin,DE,2025-06-28,social
C00739,James Johnson,james.johnson739@example.com,Hyderabad,IN,2025-03-17,paid_search
C00740,Sneha Lopez,sneha.lopez740@example.com,New York,US,2025-11-11,paid_search
C00741,Priya Tanaka,priya.tanaka741@example.com,Pune,IN,2025-05-14,referral
C00742,Lucas Patel,lucas.patel742@example.com,London,GB,2025-12-19,paid_search
C00743,Ava Mehta,ava.mehta743@example.com,Berlin,DE,2025-09-21,referral
C00744,Ethan Wilson,ethan.wilson744@example.com,Pune,IN,2025-03-27,email
C00745,Isha Johnson,isha.johnson745@example.com,Bengaluru,IN,2025-08-05,social
C00746,Isha Brown,isha.brown746@example.com,Berlin,DE,2025-02-08,social
C00747,Nikhil Johnson,nikhil.johnson747@example.com,New York,US,2025-06-12,social
C00748,Liam Chen,liam.chen748@example.com,Sydney,AU,2025-02-16,organic
C00749,Vikram Tanaka,vikram.tanaka749@example.com,Dubai,AE,2025-04-17,organic
C00750,Lucas Wilson,lucas.wilson750@example.com,Pune,IN,2025-07-02,paid_search
C00751,Arjun Nair,arjun.nair751@example.com,Chennai,IN,2025-07-19,referral
C00752,Meera Brown,meera.brown752@example.com,Sydney,AU,2025-12-06,organic
C00753,Yuki Brown,yuki.brown753@example.com,Berlin,DE,2025-03-11,organic
C00754,Aarav Chen,aarav.chen754@example.com,Pune,IN,2025-04-25,paid_search
C00755,Rohan Tanaka,rohan.tanaka755@example.com,Toronto,CA,2025-02-05,email
C00756,Amelia Davis,amelia.davis756@example.com,New York,US,2025-07-16,referral
C00757,Aarav Patel,aarav.patel757@example.com,Austin,US,2025-04-24,social
C00758,Aarav Brown,aarav.brown758@example.com,Toronto,CA,2025-09-07,organic
C00759,Aarav Mehta,aarav.mehta759@example.com,Hyderabad,IN,2025-12-12,social
C00760,Arjun Kumar,arjun.kumar760@example.com,New York,US,2025-09-19,social
C00761,Rohan Singh,rohan.singh761@example.com,Sydney,AU,2025-01-10,social
C00762,Lucia Wilson,lucia.wilson762@example.com,London,GB,2025-09-11,referral
C00763,Arjun Brown,arjun.brown763@example.com,Dubai,AE,2025-08-12,paid_search
C00764,Rohan Miller,rohan.miller764@example.com,Mumbai,IN,2025-04-08,paid_search
C00765,Pooja Sharma,pooja.sharma765@example.com,London,GB,2025-09-06,organic
C00766,Sophia Patel,sophia.patel766@example.com,New York,US,2025-11-09,email
C00767,Sneha Lopez,sneha.lopez767@example.com,Mumbai,IN,2025-11-04,organic
C00768,Sneha Kumar,sneha.kumar768@example.com,New York,US,2025-08-13,organic
C00769,James Tanaka,james.tanaka769@example.com,Singapore,SG,2025-03-07,organic
C00770,Olivia Davis,olivia.davis770@example.com,Berlin,DE,2025-02-22,email
C00771,Emma Lopez,emma.lopez771@example.com,London,GB,2025-12-05,referral
C00772,Karan Wilson,karan.wilson772@example.com,Singapore,SG,2025-10-04,social
C00773,Divya Kumar,divya.kumar773@example.com,San Francisco,US,2025-04-20,paid_search
C00774,James Wilson,james.wilson774@example.com,Hyderabad,IN,2025-06-23,referral
C00775,Liam Reddy,liam.reddy775@example.com,Mumbai,IN,2025-09-16,paid_search
C00776,Wei Brown,wei.brown776@example.com,Hyderabad,IN,2025-01-01,organic
C00777,Divya Martinez,divya.martinez777@example.com,Berlin,DE,2025-08-05,organic
C00778,Vikram Kumar,vikram.kumar778@example.com,Dubai,AE,2025-05-21,paid_search
C00779,Lucia Johnson,lucia.johnson779@example.com,Pune,IN,2025-08-02,organic
C00780,Isha Patel,isha.patel780@example.com,Sydney,AU,2025-05-12,social
C00781,Amelia Kumar,amelia.kumar781@example.com,Bengaluru,IN,2025-01-01,paid_search
C00782,Rohan Brown,rohan.brown782@example.com,Chennai,IN,2025-08-20,social
C00783,Ananya Garcia,ananya.garcia783@example.com,Sydney,AU,2025-06-06,organic
C00784,Mia Miller,mia.miller784@example.com,San Francisco,US,2025-05-27,referral
C00785,Wei Davis,wei.davis785@example.com,Berlin,DE,2025-03-04,paid_search
C00786,Sneha Reddy,sneha.reddy786@example.com,Bengaluru,IN,2025-07-19,referral
C00787,Diego Reddy,diego.reddy787@example.com,London,GB,2025-07-25,social
C00788,Priya Gupta,priya.gupta788@example.com,San Francisco,US,2025-08-04,referral
C00789,Diego Patel,diego.patel789@example.com,Bengaluru,IN,2025-05-21,social
C00790,Aarav Wilson,aarav.wilson790@example.com,Toronto,CA,2025-12-19,email
C00791,Nikhil Brown,nikhil.brown791@example.com,Austin,US,2025-09-23,email
C00792,Karan Davis,karan.davis792@example.com,Berlin,DE,2025-12-08,referral
C00793,Ethan Miller,ethan.miller793@example.com,Delhi,IN,2025-09-20,organic
C00794,Aarav Reddy,aarav.reddy794@example.com,Austin,US,2025-08-28,referral
C00795,Rohan Singh,rohan.singh795@example.com,Toronto,CA,2025-08-11,paid_search
C00796,Ava Smith,ava.smith796@example.com,Mumbai,IN,2025-09-08,email
C00797,Lucas Miller,lucas.miller797@example.com,Sydney,AU,2025-04-03,referral
C00798,Diego Martinez,diego.martinez798@example.com,San Francisco,US,2025-02-28,referral
C00799,Diego Brown,diego.brown799@example.com,Bengaluru,IN,2025-08-24,organic
C00800,Karan Miller,karan.miller800@example.com,New York,US,2025-01-18,email
C00801,Aarav Singh,aarav.singh801@example.com,Toronto,CA,2025-10-20,social
C00802,Pooja Chen,pooja.chen802@example.com,Chennai,IN,2025-06-27,organic
C00803,Nikhil Chen,nikhil.chen803@example.com,Chennai,IN,2025-09-25,email
C00804,Wei Garcia,wei.garcia804@example.com,Singapore,SG,2025-08-04,organic
C00805,Nikhil Sharma,nikhil.sharma805@example.com,Chennai,IN,2025-06-27,social
C00806,Sophia Kumar,sophia.kumar806@example.com,Mumbai,IN,2025-03-16,paid_search
C00807,Mason Kumar,mason.kumar807@example.com,Pune,IN,2025-10-07,paid_search
C00808,Divya Miller,divya.miller808@example.com,Hyderabad,IN,2025-08-27,paid_search
C00809,Ava Kumar,ava.kumar809@example.com,Toronto,CA,2025-07-02,email
C00810,Divya Chen,divya.chen810@example.com,San Francisco,US,2025-11-19,email
C00811,Arjun Tanaka,arjun.tanaka811@example.com,Mumbai,IN,2025-09-24,organic
C00812,Amelia Martinez,amelia.martinez812@example.com,San Francisco,US,2025-09-25,paid_search
C00813,Isha Gupta,isha.gupta813@example.com,Bengaluru,IN,2025-07-22,email
C00814,Noah Wilson,noah.wilson814@example.com,Dubai,AE,2025-07-14,email
C00815,Riya Smith,riya.smith815@example.com,New York,US,2025-06-10,referral
C00816,Arjun Gupta,arjun.gupta816@example.com,New York,US,2025-10-23,email
C00817,Olivia Anderson,olivia.anderson817@example.com,Sydney,AU,2025-06-23,email
C00818,Pooja Nair,pooja.nair818@example.com,Hyderabad,IN,2025-10-23,social
C00819,Ethan Gupta,ethan.gupta819@example.com,Singapore,SG,2025-11-06,email
C00820,Noah Kumar,noah.kumar820@example.com,Toronto,CA,2025-06-18,referral
C00821,Mason Anderson,mason.anderson821@example.com,Pune,IN,2025-07-26,organic
C00822,Karan Sharma,karan.sharma822@example.com,New York,US,2025-03-02,organic
C00823,Aditya Smith,aditya.smith823@example.com,Toronto,CA,2025-03-10,social
C00824,Meera Patel,meera.patel824@example.com,Singapore,SG,2025-05-07,email
C00825,Rahul Garcia,rahul.garcia825@example.com,Sydney,AU,2025-08-04,email
C00826,Nikhil Anderson,nikhil.anderson826@example.com,New York,US,2025-04-17,social
C00827,Sneha Miller,sneha.miller827@example.com,New York,US,2025-07-26,social
C00828,Sneha Sharma,sneha.sharma828@example.com,Singapore,SG,2025-05-07,email
C00829,Diego Mehta,diego.mehta829@example.com,Dubai,AE,2025-11-23,social
C00830,Aditya Nair,aditya.nair830@example.com,Pune,IN,2025-08-06,organic
C00831,Isha Reddy,isha.reddy831@example.com,Singapore,SG,2025-09-04,referral
C00832,Rahul Davis,rahul.davis832@example.com,Pune,IN,2025-09-09,paid_search
C00833,Rohan Martinez,rohan.martinez833@example.com,Sydney,AU,2025-05-01,social
C00834,Lucia Gupta,lucia.gupta834@example.com,Mumbai,IN,2025-03-11,email
C00835,Sneha Lopez,sneha.lopez835@example.com,Sydney,AU,2025-11-10,referral
C00836,Ethan Singh,ethan.singh836@example.com,Toronto,CA,2025-12-11,email
C00837,Nikhil Reddy,nikhil.reddy837@example.com,Austin,US,2025-02-26,email
C00838,Rohan Davis,rohan.davis838@example.com,Austin,US,2025-09-13,organic
C00839,Ethan Mehta,ethan.mehta839@example.com,Dubai,AE,2025-04-22,social
C00840,Ava Garcia,ava.garcia840@example.com,Pune,IN,2025-04-25,email
C00841,Wei Anderson,wei.anderson841@example.com,Sydney,AU,2025-11-01,organic
C00842,Ethan Chen,ethan.chen842@example.com,Hyderabad,IN,2025-11-20,email
C00843,Riya Patel,riya.patel843@example.com,Berlin,DE,2025-06-13,organic
C00844,Lucas Smith,lucas.smith844@example.com,Austin,US,2025-12-10,organic
C00845,Sophia Wilson,sophia.wilson845@example.com,Toronto,CA,2025-09-15,referral
C00846,Rahul Johnson,rahul.johnson846@example.com,Dubai,AE,2025-11-07,social
C00847,Ananya Kumar,ananya.kumar847@example.com,Delhi,IN,2025-09-18,organic
C00848,Vikram Nair,vikram.nair848@example.com,Berlin,DE,2025-11-25,paid_search
C00849,Amelia Kumar,amelia.kumar849@example.com,Hyderabad,IN,2025-09-27,referral
C00850,Vikram Gupta,vikram.gupta850@example.com,Mumbai,IN,2025-08-23,social
C00851,Rahul Singh,rahul.singh851@example.com,Bengaluru,IN,2025-01-06,social
C00852,Vikram Martinez,vikram.martinez852@example.com,Sydney,AU,2025-04-09,referral
C00853,Lucas Chen,lucas.chen853@example.com,Berlin,DE,2025-07-14,social
C00854,Priya Miller,priya.miller854@example.com,Berlin,DE,2025-02-18,organic
C00855,Vikram Martinez,vikram.martinez855@example.com,Mumbai,IN,2025-12-28,organic
C00856,Ethan Wilson,ethan.wilson856@example.com,Bengaluru,IN,2025-05-26,social
C00857,Ananya Johnson,ananya.johnson857@example.com,Toronto,CA,2025-08-13,referral
C00858,Priya Tanaka,priya.tanaka858@example.com,Delhi,IN,2025-09-08,paid_search
C00859,Mia Anderson,mia.anderson859@example.com,Pune,IN,2025-11-05,social
C00860,Sophia Sharma,sophia.sharma860@example.com,Austin,US,2025-09-05,organic
C00861,Rahul Sharma,rahul.sharma861@example.com,London,GB,2025-10-13,email
C00862,Ananya Johnson,ananya.johnson862@example.com,Hyderabad,IN,2025-12-24,social
C00863,Pooja Davis,pooja.davis863@example.com,Dubai,AE,2025-11-28,email
C00864,Meera Reddy,meera.reddy864@example.com,Delhi,IN,2025-04-20,social
C00865,Aditya Kumar,aditya.kumar865@example.com,Delhi,IN,2025-11-26,email
C00866,Sneha Anderson,sneha.anderson866@example.com,San Francisco,US,2025-11-18,organic
C00867,Liam Singh,liam.singh867@example.com,Pune,IN,2025-02-07,email
C00868,Yuki Brown,yuki.brown868@example.com,Chennai,IN,2025-03-22,paid_search
C00869,Karan Johnson,karan.johnson869@example.com,London,GB,2025-02-07,social
C00870,Yuki Chen,yuki.chen870@example.com,Chennai,IN,2025-10-22,social
C00871,Meera Martinez,meera.martinez871@example.com,London,GB,2025-06-26,social
C00872,Amelia Reddy,amelia.reddy872@example.com,Mumbai,IN,2025-06-08,paid_search
C00873,Amelia Smith,amelia.smith873@example.com,Sydney,AU,2025-06-05,social
C00874,Wei Chen,wei.chen874@example.com,San Francisco,US,2025-06-25,social
C00875,Yuki Anderson,yuki.anderson875@example.com,Bengaluru,IN,2025-03-21,email
C00876,Ananya Smith,ananya.smith876@example.com,Sydney,AU,2025-03-18,paid_search
C00877,James Singh,james.singh877@example.com,Singapore,SG,2025-02-01,email
C00878,Priya Martinez,priya.martinez878@example.com,London,GB,2025-07-25,email
C00879,Pooja Patel,pooja.patel879@example.com,Austin,US,2025-05-18,email
C00880,Wei Gupta,wei.gupta880@example.com,Chennai,IN,2025-07-08,email
C00881,Liam Gupta,liam.gupta881@example.com,San Francisco,US,2025-09-17,organic
C00882,Mia Garcia,mia.garcia882@example.com,Austin,US,2025-01-22,paid_search
C00883,Rohan Wilson,rohan.wilson883@example.com,Delhi,IN,2025-08-06,paid_search
C00884,Meera Tanaka,meera.tanaka884@example.com,Chennai,IN,2025-01-08,referral
C00885,Nikhil Singh,nikhil.singh885@example.com,Pune,IN,2025-06-08,organic
C00886,Pooja Wilson,pooja.wilson886@example.com,Dubai,AE,2025-06-13,referral
C00887,Lucia Patel,lucia.patel887@example.com,Mumbai,IN,2025-11-11,organic
C00888,Emma Smith,emma.smith888@example.com,London,GB,2025-09-19,paid_search
C00889,Lucas Miller,lucas.miller889@example.com,Chennai,IN,2025-10-21,organic
C00890,James Miller,james.miller890@example.com,Dubai,AE,2025-04-17,referral
C00891,Ethan Garcia,ethan.garcia891@example.com,San Francisco,US,2025-08-20,organic
C00892,Arjun Chen,arjun.chen892@example.com,Delhi,IN,2025-04-03,email
C00893,Emma Nair,emma.nair893@example.com,Delhi,IN,2025-03-06,social
C00894,Divya Mehta,divya.mehta894@example.com,New York,US,2025-06-24,organic
C00895,Wei Tanaka,wei.tanaka895@example.com,San Francisco,US,2025-04-19,paid_search
C00896,Mason Sharma,mason.sharma896@example.com,Hyderabad,IN,2025-01-05,email
C00897,Rohan Gupta,rohan.gupta897@example.com,Berlin,DE,2025-09-02,email
C00898,Meera Patel,meera.patel898@example.com,Delhi,IN,2025-05-06,email
C00899,Mia Lopez,mia.lopez899@example.com,London,GB,2025-11-01,social
C00900,Ananya Nair,ananya.nair900@example.com,San Francisco,US,2025-10-16,referral
C00901,Rohan Mehta,rohan.mehta901@example.com,Sydney,AU,2025-07-20,paid_search
C00902,Isha Lopez,isha.lopez902@example.com,Berlin,DE,2025-09-09,paid_search
C00903,Ava Chen,ava.chen903@example.com,London,GB,2025-10-03,paid_search
C00904,Lucas Miller,lucas.miller904@example.com,Delhi,IN,2025-02-01,paid_search
C00905,Mason Gupta,mason.gupta905@example.com,London,GB,2025-02-06,referral
C00906,Rahul Anderson,rahul.anderson906@example.com,Austin,US,2025-02-03,referral
C00907,Arjun Lopez,arjun.lopez907@example.com,Austin,US,2025-01-25,referral
C00908,Mason Garcia,mason.garcia908@example.com,Sydney,AU,2025-01-23,email
C00909,Amelia Mehta,amelia.mehta909@example.com,Toronto,CA,2025-08-26,referral
C00910,Ethan Martinez,ethan.martinez910@example.com,Toronto,CA,2025-12-25,email
C00911,Karan Davis,karan.davis911@example.com,Delhi,IN,2025-05-16,paid_search
C00912,Ananya Johnson,ananya.johnson912@example.com,London,GB,2025-09-14,social
C00913,Aditya Sharma,aditya.sharma913@example.com,Singapore,SG,2025-12-26,organic
C00914,Divya Wilson,divya.wilson914@example.com,Mumbai,IN,2025-07-21,paid_search
C00915,Noah Davis,noah.davis915@example.com,Chennai,IN,2025-02-05,referral
C00916,James Smith,james.smith916@example.com,Sydney,AU,2025-09-14,email
C00917,Sophia Lopez,sophia.lopez917@example.com,Pune,IN,2025-11-13,paid_search
C00918,Mason Anderson,mason.anderson918@example.com,Toronto,CA,2025-09-16,paid_search
C00919,Sophia Anderson,sophia.anderson919@example.com,Austin,US,2025-08-09,social
C00920,Ethan Miller,ethan.miller920@example.com,Singapore,SG,2025-03-28,organic
C00921,Nikhil Chen,nikhil.chen921@example.com,Toronto,CA,2025-12-06,organic
C00922,Pooja Wilson,pooja.wilson922@example.com,New York,US,2025-06-26,email
C00923,Sneha Reddy,sneha.reddy923@example.com,New York,US,2025-11-01,organic
C00924,Meera Tanaka,meera.tanaka924@example.com,Dubai,AE,2025-10-14,organic
C00925,Vikram Smith,vikram.smith925@example.com,Hyderabad,IN,2025-06-03,email
C00926,Rahul Miller,rahul.miller926@example.com,Dubai,AE,2025-07-20,email
C00927,Liam Lopez,liam.lopez927@example.com,Mumbai,IN,2025-03-21,referral
C00928,Diego Sharma,diego.sharma928@example.com,Hyderabad,IN,2025-11-26,email
C00929,Liam Nair,liam.nair929@example.com,Mumbai,IN,2025-10-17,email
C00930,Nikhil Lopez,nikhil.lopez930@example.com,Delhi,IN,2025-11-02,social
C00931,Riya Sharma,riya.sharma931@example.com,Delhi,IN,2025-02-09,referral
C00932,Ethan Miller,ethan.miller932@example.com,New York,US,2025-10-07,email
C00933,Aarav Singh,aarav.singh933@example.com,Dubai,AE,2025-02-18,social
C00934,Ethan Garcia,ethan.garcia934@example.com,Sydney,AU,2025-05-08,email
C00935,Aditya Chen,aditya.chen935@example.com,Dubai,AE,2025-07-19,organic
C00936,James Reddy,james.reddy936@example.com,New York,US,2025-09-04,email
C00937,Vikram Wilson,vikram.wilson937@example.com,Pune,IN,2025-06-04,email
C00938,James Anderson,james.anderson938@example.com,Sydney,AU,2025-10-09,referral
C00939,Lucas Martinez,lucas.martinez939@example.com,San Francisco,US,2025-04-25,social
C00940,Lucia Chen,lucia.chen940@example.com,Dubai,AE,2025-10-28,organic
C00941,Wei Kumar,wei.kumar941@example.com,Pune,IN,2025-02-13,paid_search
C00942,Nikhil Brown,nikhil.brown942@example.com,New York,US,2025-06-17,email
C00943,Aarav Smith,aarav.smith943@example.com,Hyderabad,IN,2025-05-03,referral
C00944,Ava Singh,ava.singh944@example.com,Austin,US,2025-03-16,social
C00945,Ethan Nair,ethan.nair945@example.com,Dubai,AE,2025-10-09,paid_search
C00946,Aditya Tanaka,aditya.tanaka946@example.com,Singapore,SG,2025-04-08,paid_search
C00947,James Nair,james.nair947@example.com,Hyderabad,IN,2025-04-27,paid_search
C00948,Ethan Gupta,ethan.gupta948@example.com,Toronto,CA,2025-02-04,organic
C00949,Yuki Lopez,yuki.lopez949@example.com,Mumbai,IN,2025-09-02,referral
C00950,Sophia Lopez,sophia.lopez950@example.com,Chennai,IN,2025-08-19,social
C00951,Yuki Reddy,yuki.reddy951@example.com,Toronto,CA,2025-09-09,referral
C00952,Nikhil Martinez,nikhil.martinez952@example.com,Delhi,IN,2025-01-17,referral
C00953,Wei Anderson,wei.anderson953@example.com,Mumbai,IN,2025-09-12,referral
C00954,Isha Chen,isha.chen954@example.com,Bengaluru,IN,2025-12-17,referral
C00955,Noah Sharma,noah.sharma955@example.com,Mumbai,IN,2025-11-07,referral
C00956,Karan Brown,karan.brown956@example.com,Chennai,IN,2025-10-28,social
C00957,Isha Anderson,isha.anderson957@example.com,Pune,IN,2025-04-09,referral
C00958,Ava Garcia,ava.garcia958@example.com,Delhi,IN,2025-08-14,paid_search
C00959,Mason Garcia,mason.garcia959@example.com,Chennai,IN,2025-07-09,referral
C00960,Isha Martinez,isha.martinez960@example.com,Delhi,IN,2025-10-22,paid_search
C00961,Karan Smith,karan.smith961@example.com,Toronto,CA,2025-04-18,referral
C00962,Lucas Nair,lucas.nair962@example.com,Delhi,IN,2025-12-05,referral
C00963,Aarav Reddy,aarav.reddy963@example.com,New York,US,2025-08-05,email
C00964,Noah Tanaka,noah.tanaka964@example.com,Pune,IN,2025-05-18,email
C00965,Sneha Miller,sneha.miller965@example.com,Bengaluru,IN,2025-12-06,organic
C00966,Pooja Smith,pooja.smith966@example.com,San Francisco,US,2025-11-04,referral
C00967,Ava Smith,ava.smith967@example.com,Chennai,IN,2025-06-18,email
C00968,James Garcia,james.garcia968@example.com,Mumbai,IN,2025-07-04,social
C00969,Aditya Martinez,aditya.martinez969@example.com,London,GB,2025-11-21,email
C00970,Isha Johnson,isha.johnson970@example.com,Chennai,IN,2025-06-22,email
C00971,Yuki Chen,yuki.chen971@example.com,Dubai,AE,2025-02-13,email
C00972,Liam Chen,liam.chen972@example.com,Berlin,DE,2025-03-28,paid_search
C00973,Ava Davis,ava.davis973@example.com,Berlin,DE,2025-10-19,referral
C00974,Vikram Singh,vikram.singh974@example.com,Delhi,IN,2025-06-08,social
C00975,Noah Johnson,noah.johnson975@example.com,Singapore,SG,2025-05-20,referral
C00976,Emma Chen,emma.chen976@example.com,Toronto,CA,2025-06-24,email
C00977,Diego Davis,diego.davis977@example.com,Delhi,IN,2025-03-28,organic
C00978,Arjun Mehta,arjun.mehta978@example.com,Berlin,DE,2025-05-24,organic
C00979,Pooja Reddy,pooja.reddy979@example.com,New York,US,2025-02-04,organic
C00980,Wei Anderson,wei.anderson980@example.com,Mumbai,IN,2025-01-25,referral
C00981,Ananya Kumar,ananya.kumar981@example.com,Pune,IN,2025-10-05,organic
C00982,Lucas Johnson,lucas.johnson982@example.com,Hyderabad,IN,2025-04-24,social
C00983,Diego Gupta,diego.gupta983@example.com,Delhi,IN,2025-09-27,paid_search
C00984,Priya Patel,priya.patel984@example.com,Berlin,DE,2025-06-28,social
C00985,Wei Chen,wei.chen985@example.com,Sydney,AU,2025-09-09,email
C00986,Diego Gupta,diego.gupta986@example.com,Singapore,SG,2025-09-06,email
C00987,Lucia Martinez,lucia.martinez987@example.com,New York,US,2025-09-21,email
C00988,Olivia Garcia,olivia.garcia988@example.com,San Francisco,US,2025-09-08,organic
C00989,Diego Johnson,diego.johnson989@example.com,Chennai,IN,2025-07-09,paid_search
C00990,Olivia Sharma,olivia.sharma990@example.com,Mumbai,IN,2025-09-27,paid_search
C00991,Ethan Johnson,ethan.johnson991@example.com,San Francisco,US,2025-09-01,referral
C00992,Wei Johnson,wei.johnson992@example.com,Mumbai,IN,2025-07-26,social
C00993,Nikhil Sharma,nikhil.sharma993@example.com,Austin,US,2025-06-07,referral
C00994,Amelia Miller,amelia.miller994@example.com,Hyderabad,IN,2025-03-23,referral
C00995,Lucas Mehta,lucas.mehta995@example.com,Pune,IN,2025-02-14,paid_search
C00996,Emma Johnson,emma.johnson996@example.com,Berlin,DE,2025-12-18,social
C00997,Mason Nair,mason.nair997@example.com,Sydney,AU,2025-02-06,paid_search
C00998,Liam Kumar,liam.kumar998@example.com,Berlin,DE,2025-08-20,referral
C00999,Emma Lopez,emma.lopez999@example.com,San Francisco,US,2025-04-11,organic
C01000,Meera Patel,meera.patel1000@example.com,Austin,US,2025-01-06,organic
